,page_id,lang,len,quantile,title,url,templating,index_box,heading,posts,unique_authors,depth,archive,exchanges,unsigned?,notes
1044499,4566280,it,18,0.5,Adele Gambaro,https://it.wikipedia.org/wiki/Adele Gambaro,0,1,Non sono d'accordo,2,2,2,0,1,,tinted background
1044499,4566280,it,18,0.5,Adele Gambaro,https://it.wikipedia.org/wiki/Adele Gambaro,0,1,Fonti,2,2,2,0,1,,
1044499,4566280,it,18,0.5,Adele Gambaro,https://it.wikipedia.org/wiki/Adele Gambaro,0,1,WP non è un quotidiano online in-progress,3,2,3,0,1,,
1044499,4566280,it,18,0.5,Adele Gambaro,https://it.wikipedia.org/wiki/Adele Gambaro,0,1,Motivi dell'espulsione dal Mov. Cinque Stelle della senatrice Gambaro,6,3,6,0,1,,
1044499,4566280,it,18,0.5,Adele Gambaro,https://it.wikipedia.org/wiki/Adele Gambaro,0,1,GAP,0,0,0,0,0,1,
530811,2578707,it,18,0.5,Vita privata di Napoleone Bonaparte,https://it.wikipedia.org/wiki/Vita privata di Napoleone Bonaparte,0,0,,13,3,6,0,1,,longer than article
530811,2578707,it,18,0.5,Vita privata di Napoleone Bonaparte,https://it.wikipedia.org/wiki/Vita privata di Napoleone Bonaparte,0,0,Repressione del 5 ottobre 1795: massacro davanti alla chiesa di San Rocco,1,1,1,0,0,,
530811,2578707,it,18,0.5,Vita privata di Napoleone Bonaparte,https://it.wikipedia.org/wiki/Vita privata di Napoleone Bonaparte,0,0,Cena o non cena?,1,1,1,0,0,,
527412,2566734,it,18,0.5,Giocattolo sessuale,https://it.wikipedia.org/wiki/Giocattolo sessuale,0,1,"Cronologia ""Sex toy""",1,1,1,0,0,,Interesting way of archiving
527412,2566734,it,18,0.5,Giocattolo sessuale,https://it.wikipedia.org/wiki/Giocattolo sessuale,0,1,Immagine Jigsaw Squirting,4,2,3,0,1,,
527412,2566734,it,18,0.5,Giocattolo sessuale,https://it.wikipedia.org/wiki/Giocattolo sessuale,0,1,Voce: Storia,1,1,1,0,0,,
527412,2566734,it,18,0.5,Giocattolo sessuale,https://it.wikipedia.org/wiki/Giocattolo sessuale,0,1,Modifica a testo Tipologie,1,1,1,0,0,,
527412,2566734,it,18,0.5,Giocattolo sessuale,https://it.wikipedia.org/wiki/Giocattolo sessuale,0,1,Gallery,1,1,1,0,0,,
527412,2566734,it,18,0.5,Giocattolo sessuale,https://it.wikipedia.org/wiki/Giocattolo sessuale,0,1,Legislazione in Italia,2,1,2,0,1,,
527412,2566734,it,18,0.5,Giocattolo sessuale,https://it.wikipedia.org/wiki/Giocattolo sessuale,0,1,Vibratore Rabbit,1,1,1,0,0,,
545368,2632422,it,18,0.5,Justice League of America,https://it.wikipedia.org/wiki/Justice League of America,0,0,Film,9,4,9,0,1,,
545368,2632422,it,18,0.5,Justice League of America,https://it.wikipedia.org/wiki/Justice League of America,0,0,Inesattazze,1,1,1,0,0,,
545368,2632422,it,18,0.5,Justice League of America,https://it.wikipedia.org/wiki/Justice League of America,0,0,Modifica Template,6,3,6,0,1,,
1353217,648095,it,18,0.5,Storia di Palermo,https://it.wikipedia.org/wiki/Storia di Palermo,0,1,Liidobello,1,1,1,0,0,,
1353217,648095,it,18,0.5,Storia di Palermo,https://it.wikipedia.org/wiki/Storia di Palermo,0,1,Copyright,1,1,1,0,0,,
1353217,648095,it,18,0.5,Storia di Palermo,https://it.wikipedia.org/wiki/Storia di Palermo,0,1,Immagini,9,3,9,0,1,,
1353217,648095,it,18,0.5,Storia di Palermo,https://it.wikipedia.org/wiki/Storia di Palermo,0,1,Assenza voce riguardante la Palermo fenicia,1,1,1,0,0,,
857432,3816459,it,18,0.5,Ho'oponopono,https://it.wikipedia.org/wiki/Ho'oponopono,0,0,,12,8,5,0,1,,
143526,1748766,it,18,0.5,Rivendicazioni territoriali in Antartide,https://it.wikipedia.org/wiki/Rivendicazioni territoriali in Antartide,0,0,Template da usare,13,7,7,0,2,,
644488,2992611,it,18,0.5,Moltiplicatore monetario,https://it.wikipedia.org/wiki/Moltiplicatore monetario,0,0,,5,3,5,0,1,,
644488,2992611,it,18,0.5,Moltiplicatore monetario,https://it.wikipedia.org/wiki/Moltiplicatore monetario,0,0,Effetto moltiplicazione,2,2,2,0,1,,
647889,3005097,it,18,0.5,Insieme (programma televisivo),https://it.wikipedia.org/wiki/Insieme (programma televisivo),0,1,Dati mancanti,4,2,4,0,1,,
647889,3005097,it,18,0.5,Insieme (programma televisivo),https://it.wikipedia.org/wiki/Insieme (programma televisivo),0,1,Commento di Salvo La Rosa alla voce,1,1,1,0,0,,
829916,3703629,it,18,0.5,Bakugan: Mechtanium Surge,https://it.wikipedia.org/wiki/Bakugan: Mechtanium Surge,0,1,Classificazione,10,5,6,0,1,,Is this 2 authors
829916,3703629,it,18,0.5,Bakugan: Mechtanium Surge,https://it.wikipedia.org/wiki/Bakugan: Mechtanium Surge,0,1,Quinta serie di Bakugan,1,1,1,0,0,,
829916,3703629,it,18,0.5,Bakugan: Mechtanium Surge,https://it.wikipedia.org/wiki/Bakugan: Mechtanium Surge,0,1,Shun Kazami,1,1,1,0,0,,
374786,82238,it,18,0.5,Hypertext Transfer Protocol,https://it.wikipedia.org/wiki/Hypertext Transfer Protocol,0,1,,6,5,2,0,2,,
374786,82238,it,18,0.5,Hypertext Transfer Protocol,https://it.wikipedia.org/wiki/Hypertext Transfer Protocol,0,1,Collegamenti esterni,2,2,2,0,1,,
374786,82238,it,18,0.5,Hypertext Transfer Protocol,https://it.wikipedia.org/wiki/Hypertext Transfer Protocol,0,1,W3C?,1,1,1,0,0,,
374786,82238,it,18,0.5,Hypertext Transfer Protocol,https://it.wikipedia.org/wiki/Hypertext Transfer Protocol,0,1,Perchè per http è stata scelta proprio la porta 80?,0,0,0,0,0,1,
374786,82238,it,18,0.5,Hypertext Transfer Protocol,https://it.wikipedia.org/wiki/Hypertext Transfer Protocol,0,1,Header o intestazione?,0,0,0,0,0,1,
1276284,373748,it,18,0.5,Kata del karate,https://it.wikipedia.org/wiki/Kata del karate,0,0,,1,1,1,0,0,,
1276284,373748,it,18,0.5,Kata del karate,https://it.wikipedia.org/wiki/Kata del karate,0,0,Edit war,5,2,3,0,2,1,
1276284,373748,it,18,0.5,Kata del karate,https://it.wikipedia.org/wiki/Kata del karate,0,0,Goju USA/Italia,1,1,1,0,0,,
391596,124220,it,18,0.5,Franchi,https://it.wikipedia.org/wiki/Franchi,0,1,,1,1,1,0,0,,Lots of unsigned on this page
391596,124220,it,18,0.5,Franchi,https://it.wikipedia.org/wiki/Franchi,0,1,Qual è la data giusta?,0,0,0,0,0,1,
391596,124220,it,18,0.5,Franchi,https://it.wikipedia.org/wiki/Franchi,0,1,syagrius,1,1,1,0,0,,
391596,124220,it,18,0.5,Franchi,https://it.wikipedia.org/wiki/Franchi,0,1,clodio o clodione?,2,2,2,0,1,,
391596,124220,it,18,0.5,Franchi,https://it.wikipedia.org/wiki/Franchi,0,1,La lingua dei franchi,1,1,1,0,0,,
391596,124220,it,18,0.5,Franchi,https://it.wikipedia.org/wiki/Franchi,0,1,Migrazione preistorica dei Franchi,0,0,0,0,0,1,
468544,244771,it,18,0.5,Montepulciano,https://it.wikipedia.org/wiki/Montepulciano,0,0,,1,1,1,0,0,,
468544,244771,it,18,0.5,Montepulciano,https://it.wikipedia.org/wiki/Montepulciano,0,0,numero abitanti,0,0,0,0,0,1,
468544,244771,it,18,0.5,Montepulciano,https://it.wikipedia.org/wiki/Montepulciano,0,0,Cronologia rimossa per copyviol,1,1,1,0,0,,archive
468544,244771,it,18,0.5,Montepulciano,https://it.wikipedia.org/wiki/Montepulciano,0,0,pagina di disambiguazione,1,1,1,0,0,,
1512603,1235889,it,18,0.5,Minchia,https://it.wikipedia.org/wiki/Minchia,0,0,,5,5,1,0,0,,
1512603,1235889,it,18,0.5,Minchia,https://it.wikipedia.org/wiki/Minchia,0,0,origine della parola,1,1,1,0,0,,
720554,3271746,it,18,0.5,Islamofobia,https://it.wikipedia.org/wiki/Islamofobia,0,0,"Controversia sul termine ""islamofobia""",14,10,3,0,5,,
389938,119980,it,18,0.5,Operatore nabla,https://it.wikipedia.org/wiki/Operatore nabla,,,,,,,,,,
779076,3516762,it,18,0.5,Passeggeri del RMS Titanic,https://it.wikipedia.org/wiki/Passeggeri del RMS Titanic,,,,,,,,,,
374018,80364,it,18,0.5,Gioco di carte,https://it.wikipedia.org/wiki/Gioco di carte,,,,,,,,,,
286167,2255058,it,18,0.5,Distribuzione Gamma,https://it.wikipedia.org/wiki/Distribuzione Gamma,,,,,,,,,,
471020,251919,it,18,0.5,Falsi amici nella lingua inglese,https://it.wikipedia.org/wiki/Falsi amici nella lingua inglese,,,,,,,,,,
220897,2012647,it,18,0.5,Chiesa di Santa Maria foris portas,https://it.wikipedia.org/wiki/Chiesa di Santa Maria foris portas,,,,,,,,,,
1452436,998310,it,18,0.5,Selva di Progno,https://it.wikipedia.org/wiki/Selva di Progno,,,,,,,,,,
1385174,753795,it,18,0.5,Uzbekistan,https://it.wikipedia.org/wiki/Uzbekistan,,,,,,,,,,
358236,37552,it,18,0.5,Primato (sport),https://it.wikipedia.org/wiki/Primato (sport),,,,,,,,,,
756758,3427894,it,18,0.5,Crisi diplomatica tra Libia e Svizzera del 2008-2010,https://it.wikipedia.org/wiki/Crisi diplomatica tra Libia e Svizzera del 2008-2010,,,,,,,,,,
1278565,382419,it,18,0.5,Chemioterapia,https://it.wikipedia.org/wiki/Chemioterapia,,,,,,,,,,
312049,2354521,it,18,0.5,Ondata di caldo dell'estate 2003,https://it.wikipedia.org/wiki/Ondata di caldo dell'estate 2003,,,,,,,,,,
1447152,962731,it,18,0.5,Argumentum ad hominem,https://it.wikipedia.org/wiki/Argumentum ad hominem,,,,,,,,,,
180756,1873212,it,18,0.5,Plutoide,https://it.wikipedia.org/wiki/Plutoide,,,,,,,,,,
1460810,1056942,it,18,0.5,Francesco Boni (personaggio televisivo),https://it.wikipedia.org/wiki/Francesco Boni (personaggio televisivo),,,,,,,,,,
1448512,969104,it,18,0.5,Jacques Villeneuve,https://it.wikipedia.org/wiki/Jacques Villeneuve,,,,,,,,,,
227743,2036961,it,18,0.5,Emanuela Pacotto,https://it.wikipedia.org/wiki/Emanuela Pacotto,,,,,,,,,,
1271214,352417,it,18,0.5,RSI (azienda),https://it.wikipedia.org/wiki/RSI (azienda),,,,,,,,,,
390451,121167,it,18,0.5,Distribuzione di energia elettrica,https://it.wikipedia.org/wiki/Distribuzione di energia elettrica,,,,,,,,,,
473551,257325,it,18,0.5,Lingua swahili,https://it.wikipedia.org/wiki/Lingua swahili,,,,,,,,,,
1042427,4555762,it,18,0.5,Cunnilingio,https://it.wikipedia.org/wiki/Cunnilingio,,,,,,,,,,
496707,2457910,it,18,0.5,Jacopo della Quercia,https://it.wikipedia.org/wiki/Jacopo della Quercia,,,,,,,,,,
488666,305989,it,18,0.5,Cnidaria,https://it.wikipedia.org/wiki/Cnidaria,,,,,,,,,,
670846,3086082,it,18,0.5,Chitarra acustica amplificabile,https://it.wikipedia.org/wiki/Chitarra acustica amplificabile,,,,,,,,,,
1343928,615620,it,18,0.5,John Cage,https://it.wikipedia.org/wiki/John Cage,,,,,,,,,,
1467721,1086461,it,18,0.5,Città ideale,https://it.wikipedia.org/wiki/Città ideale,,,,,,,,,,
1317585,533068,it,18,0.5,Biotecnologia,https://it.wikipedia.org/wiki/Biotecnologia,,,,,,,,,,
1244969,5544819,it,18,0.5,Camp Lakebottom,https://it.wikipedia.org/wiki/Camp Lakebottom,,,,,,,,,,
1237265,5505086,it,18,0.5,Un medico in famiglia,https://it.wikipedia.org/wiki/Un medico in famiglia,,,,,,,,,,
170651,1839238,it,18,0.5,Giunta comunale,https://it.wikipedia.org/wiki/Giunta comunale,,,,,,,,,,
1294468,463924,it,18,0.5,Ayurveda,https://it.wikipedia.org/wiki/Ayurveda,,,,,,,,,,
673680,3096223,it,18,0.5,Bebé,https://it.wikipedia.org/wiki/Bebé,,,,,,,,,,
501847,2474212,it,18,0.5,Influenza suina,https://it.wikipedia.org/wiki/Influenza suina,,,,,,,,,,
468134,243528,it,18,0.5,John Deacon,https://it.wikipedia.org/wiki/John Deacon,,,,,,,,,,
385529,109018,it,18,0.5,Monte Sinai biblico,https://it.wikipedia.org/wiki/Monte Sinai biblico,,,,,,,,,,
1361846,680190,it,18,0.5,Stradario di Livorno,https://it.wikipedia.org/wiki/Stradario di Livorno,,,,,,,,,,
1185760,5197799,it,18,0.5,Reggia di Capodimonte,https://it.wikipedia.org/wiki/Reggia di Capodimonte,,,,,,,,,,
356570,35030,it,18,0.5,Teoria di gauge,https://it.wikipedia.org/wiki/Teoria di gauge,,,,,,,,,,
1382190,743757,it,18,0.5,Valhalla,https://it.wikipedia.org/wiki/Valhalla,,,,,,,,,,
154390,1781296,it,18,0.5,Stockholms centralstation,https://it.wikipedia.org/wiki/Stockholms centralstation,,,,,,,,,,
1303360,494228,it,18,0.5,Società Thule,https://it.wikipedia.org/wiki/Società Thule,,,,,,,,,,
1316405,529175,it,18,0.5,Anna,https://it.wikipedia.org/wiki/Anna,,,,,,,,,,
687502,3147505,it,18,0.5,Extraterrestri nella fantascienza,https://it.wikipedia.org/wiki/Extraterrestri nella fantascienza,,,,,,,,,,
652598,3022519,it,18,0.5,Three Days Grace,https://it.wikipedia.org/wiki/Three Days Grace,,,,,,,,,,
1451383,993195,it,18,0.5,Ortacesus,https://it.wikipedia.org/wiki/Ortacesus,,,,,,,,,,
1517695,1252052,it,18,0.5,Codice QR,https://it.wikipedia.org/wiki/Codice QR,,,,,,,,,,
915153,4050270,it,18,0.5,Stefano Mainetti,https://it.wikipedia.org/wiki/Stefano Mainetti,,,,,,,,,,
1033017,4511061,it,18,0.5,Giovanni Battista De Andreis,https://it.wikipedia.org/wiki/Giovanni Battista De Andreis,,,,,,,,,,
1369356,702592,it,18,0.5,Storia della Grecia,https://it.wikipedia.org/wiki/Storia della Grecia,,,,,,,,,,
890817,3948535,it,18,0.5,Casale del Pozzo,https://it.wikipedia.org/wiki/Casale del Pozzo,,,,,,,,,,
1373988,717347,it,18,0.5,Matrice invertibile,https://it.wikipedia.org/wiki/Matrice invertibile,,,,,,,,,,
1384622,751595,it,18,0.5,Fiat Bravo (2007),https://it.wikipedia.org/wiki/Fiat Bravo (2007),,,,,,,,,,
163250,1813217,it,18,0.5,Il grido silenzioso,https://it.wikipedia.org/wiki/Il grido silenzioso,,,,,,,,,,
1370318,705273,it,18,0.5,Arca di Noè,https://it.wikipedia.org/wiki/Arca di Noè,,,,,,,,,,
1348461,631564,it,18,0.5,Crossover SUV,https://it.wikipedia.org/wiki/Crossover SUV,,,,,,,,,,
359040,39315,it,18,0.5,Infinito (filosofia),https://it.wikipedia.org/wiki/Infinito (filosofia),,,,,,,,,,
548257,2642092,it,18,0.5,Dominic Adiyiah,https://it.wikipedia.org/wiki/Dominic Adiyiah,,,,,,,,,,
1450033,983671,it,18,0.5,Cinto Caomaggiore,https://it.wikipedia.org/wiki/Cinto Caomaggiore,,,,,,,,,,
761495,3447319,it,18,0.5,Kristen Stewart,https://it.wikipedia.org/wiki/Kristen Stewart,,,,,,,,,,
824571,3681818,it,18,0.5,Fucili di precisione (Guerre stellari),https://it.wikipedia.org/wiki/Fucili di precisione (Guerre stellari),,,,,,,,,,
1460808,1056938,it,18,0.5,Cesare Cremonini (cantante),https://it.wikipedia.org/wiki/Cesare Cremonini (cantante),,,,,,,,,,
66578,1499104,it,18,0.5,Laure Manaudou,https://it.wikipedia.org/wiki/Laure Manaudou,,,,,,,,,,
822853,3675634,it,18,0.5,Cezary Wilk,https://it.wikipedia.org/wiki/Cezary Wilk,,,,,,,,,,
394272,130698,it,18,0.5,Fiorenzo Bava Beccaris,https://it.wikipedia.org/wiki/Fiorenzo Bava Beccaris,,,,,,,,,,
1427824,873279,it,18,0.5,Rinascimento italiano,https://it.wikipedia.org/wiki/Rinascimento italiano,,,,,,,,,,
1303623,495104,it,18,0.5,Cisalpino,https://it.wikipedia.org/wiki/Cisalpino,,,,,,,,,,
483290,287230,it,18,0.5,Modem,https://it.wikipedia.org/wiki/Modem,,,,,,,,,,
391887,124845,it,18,0.5,Campionato di Eccellenza di rugby a 15,https://it.wikipedia.org/wiki/Campionato di Eccellenza di rugby a 15,,,,,,,,,,
1457356,1031636,it,18,0.5,Betelgeuse,https://it.wikipedia.org/wiki/Betelgeuse,,,,,,,,,,
349889,20856,it,18,0.5,Becco di Bunsen,https://it.wikipedia.org/wiki/Becco di Bunsen,,,,,,,,,,
1459145,1044259,it,18,0.5,Ferrero (azienda),https://it.wikipedia.org/wiki/Ferrero (azienda),,,,,,,,,,
22842,1350826,it,18,0.5,Tsubasa RESERVoir CHRoNiCLE/da fare,https://it.wikipedia.org/wiki/Tsubasa RESERVoir CHRoNiCLE/da fare,,,,,,,,,,
661724,3055069,it,18,0.5,Pitch (gruppo musicale),https://it.wikipedia.org/wiki/Pitch (gruppo musicale),,,,,,,,,,
665140,3066462,it,18,0.5,Marina di Pisa,https://it.wikipedia.org/wiki/Marina di Pisa,,,,,,,,,,
469971,249530,it,18,0.5,Libro di Isaia,https://it.wikipedia.org/wiki/Libro di Isaia,,,,,,,,,,
1207897,5317065,it,18,0.5,Bolg,https://it.wikipedia.org/wiki/Bolg,,,,,,,,,,
200579,1944178,it,18,0.5,Toponimi celtici d'Italia,https://it.wikipedia.org/wiki/Toponimi celtici d'Italia,,,,,,,,,,
806214,3617812,it,18,0.5,John Russell Fearn,https://it.wikipedia.org/wiki/John Russell Fearn,,,,,,,,,,
123983,1682768,it,18,0.5,RMS Lusitania,https://it.wikipedia.org/wiki/RMS Lusitania,,,,,,,,,,
1458698,1042286,it,18,0.5,Classe La Fayette,https://it.wikipedia.org/wiki/Classe La Fayette,,,,,,,,,,
365791,57741,it,18,0.5,Sai (arma),https://it.wikipedia.org/wiki/Sai (arma),,,,,,,,,,
896071,3971948,it,18,0.5,Organigramma dell'Arma dei Carabinieri,https://it.wikipedia.org/wiki/Organigramma dell'Arma dei Carabinieri,,,,,,,,,,
1286772,430846,it,18,0.5,Rivoltella,https://it.wikipedia.org/wiki/Rivoltella,,,,,,,,,,
1215598,5375355,it,18,0.5,OAV di Naruto,https://it.wikipedia.org/wiki/OAV di Naruto,,,,,,,,,,
92707,1581679,it,77,0.9,ChibiChibi,https://it.wikipedia.org/wiki/ChibiChibi,,,,,,,,,,
160959,1804988,it,77,0.9,Campidoglio (Lansing),https://it.wikipedia.org/wiki/Campidoglio (Lansing),,,,,,,,,,
244638,2099606,it,77,0.9,Bell X-1,https://it.wikipedia.org/wiki/Bell X-1,,,,,,,,,,
255399,2143133,it,77,0.9,Alfabeto latino,https://it.wikipedia.org/wiki/Alfabeto latino,,,,,,,,,,
348079,15896,it,77,0.9,Vangelo di Tommaso,https://it.wikipedia.org/wiki/Vangelo di Tommaso,,,,,,,,,,
348341,16640,it,77,0.9,Rugby,https://it.wikipedia.org/wiki/Rugby,,,,,,,,,,
360564,43480,it,77,0.9,Antisemitismo,https://it.wikipedia.org/wiki/Antisemitismo,,,,,,,,,,
373279,78503,it,77,0.9,Repubblica Ceca,https://it.wikipedia.org/wiki/Repubblica Ceca,,,,,,,,,,
379465,93702,it,77,0.9,Enrico Berlinguer,https://it.wikipedia.org/wiki/Enrico Berlinguer,,,,,,,,,,
388307,115760,it,77,0.9,Virus (biologia),https://it.wikipedia.org/wiki/Virus (biologia),,,,,,,,,,
388732,116763,it,77,0.9,Dislessia,https://it.wikipedia.org/wiki/Dislessia,,,,,,,,,,
391974,125049,it,77,0.9,Pena di morte/Archivio 1,https://it.wikipedia.org/wiki/Pena di morte/Archivio 1,,,,,,,,,,
449277,198143,it,77,0.9,Wing Chun,https://it.wikipedia.org/wiki/Wing Chun,,,,,,,,,,
462955,231420,it,77,0.9,Chiese di Roma,https://it.wikipedia.org/wiki/Chiese di Roma,,,,,,,,,,
480666,278482,it,77,0.9,Campi per l'internamento civile nell'Italia fascista/Sandbox,https://it.wikipedia.org/wiki/Campi per l'internamento civile nell'Italia fascista/Sandbox,,,,,,,,,,
567258,2704678,it,77,0.9,Autostrada Catania-Siracusa,https://it.wikipedia.org/wiki/Autostrada Catania-Siracusa,,,,,,,,,,
570493,2713927,it,77,0.9,Insufficienza venosa cronica cerebrospinale,https://it.wikipedia.org/wiki/Insufficienza venosa cronica cerebrospinale,,,,,,,,,,
582854,2756824,it,77,0.9,Avatar (film 2009),https://it.wikipedia.org/wiki/Avatar (film 2009),,,,,,,,,,
637477,2963596,it,77,0.9,Pro Evolution Soccer 2011,https://it.wikipedia.org/wiki/Pro Evolution Soccer 2011,,,,,,,,,,
1284028,415153,it,77,0.9,Skinhead,https://it.wikipedia.org/wiki/Skinhead,,,,,,,,,,
1298777,477595,it,77,0.9,Eusebio di Cesarea,https://it.wikipedia.org/wiki/Eusebio di Cesarea,,,,,,,,,,
1309982,509870,it,77,0.9,Zinédine Zidane,https://it.wikipedia.org/wiki/Zinédine Zidane,,,,,,,,,,
1322549,546813,it,77,0.9,Formula 1,https://it.wikipedia.org/wiki/Formula 1,,,,,,,,,,
1386052,757078,it,77,0.9,Millennio,https://it.wikipedia.org/wiki/Millennio,,,,,,,,,,
1425980,866644,it,77,0.9,Terra di Lavoro,https://it.wikipedia.org/wiki/Terra di Lavoro,,,,,,,,,,
1449103,977579,it,77,0.9,Unione Sportiva Avellino,https://it.wikipedia.org/wiki/Unione Sportiva Avellino,,,,,,,,,,
1450432,986510,it,77,0.9,Francavilla Fontana,https://it.wikipedia.org/wiki/Francavilla Fontana,,,,,,,,,,
1476716,1119417,it,77,0.9,Teresa d'Ávila,https://it.wikipedia.org/wiki/Teresa d'Ávila,,,,,,,,,,
1486239,1149675,it,77,0.9,Thor (Marvel Comics),https://it.wikipedia.org/wiki/Thor (Marvel Comics),,,,,,,,,,
154286,1781026,it,78,0.9,Ehretismo,https://it.wikipedia.org/wiki/Ehretismo,,,,,,,,,,
173460,1848976,it,78,0.9,Personaggi di Naruto,https://it.wikipedia.org/wiki/Personaggi di Naruto,,,,,,,,,,
192826,1914555,it,78,0.9,Lodo Petrucci,https://it.wikipedia.org/wiki/Lodo Petrucci,,,,,,,,,,
239816,2081033,it,78,0.9,Riccardo Montolivo,https://it.wikipedia.org/wiki/Riccardo Montolivo,,,,,,,,,,
345709,11782,it,78,0.9,Santa Cristina Valgardena,https://it.wikipedia.org/wiki/Santa Cristina Valgardena,,,,,,,,,,
346196,12684,it,78,0.9,Consoli repubblicani romani,https://it.wikipedia.org/wiki/Consoli repubblicani romani,,,,,,,,,,
348418,16821,it,78,0.9,Giacomo Casanova,https://it.wikipedia.org/wiki/Giacomo Casanova,,,,,,,,,,
351058,24501,it,78,0.9,Unione Sovietica,https://it.wikipedia.org/wiki/Unione Sovietica,,,,,,,,,,
358765,38716,it,78,0.9,Canton Ticino,https://it.wikipedia.org/wiki/Canton Ticino,,,,,,,,,,
359291,39847,it,78,0.9,Magic: l'Adunanza,https://it.wikipedia.org/wiki/Magic: l'Adunanza,,,,,,,,,,
457311,215938,it,78,0.9,Robert Baden-Powell,https://it.wikipedia.org/wiki/Robert Baden-Powell,,,,,,,,,,
462011,229015,it,78,0.9,Batteria (strumento musicale),https://it.wikipedia.org/wiki/Batteria (strumento musicale),,,,,,,,,,
465991,238593,it,78,0.9,Quentin Tarantino,https://it.wikipedia.org/wiki/Quentin Tarantino,,,,,,,,,,
487240,300976,it,78,0.9,Italia Centrale,https://it.wikipedia.org/wiki/Italia Centrale,,,,,,,,,,
551297,2653005,it,78,0.9,Negro,https://it.wikipedia.org/wiki/Negro,,,,,,,,,,
683326,3132030,it,78,0.9,Salma Hayek,https://it.wikipedia.org/wiki/Salma Hayek,,,,,,,,,,
1030881,4503311,it,78,0.9,Presidenti del Consiglio dei ministri del Regno d'Italia,https://it.wikipedia.org/wiki/Presidenti del Consiglio dei ministri del Regno d'Italia,,,,,,,,,,
1065502,4641063,it,78,0.9,Omofobia,https://it.wikipedia.org/wiki/Omofobia,,,,,,,,,,
1269926,346989,it,78,0.9,UEFA Champions League,https://it.wikipedia.org/wiki/UEFA Champions League,,,,,,,,,,
1272929,358963,it,78,0.9,Creazionismo,https://it.wikipedia.org/wiki/Creazionismo,,,,,,,,,,
1284362,416552,it,78,0.9,Karma,https://it.wikipedia.org/wiki/Karma,,,,,,,,,,
1286528,429412,it,78,0.9,Fabio Cannavaro,https://it.wikipedia.org/wiki/Fabio Cannavaro,,,,,,,,,,
1318051,534568,it,78,0.9,Guerra civile spagnola,https://it.wikipedia.org/wiki/Guerra civile spagnola,,,,,,,,,,
1467665,1086283,it,78,0.9,Mario Pincherle,https://it.wikipedia.org/wiki/Mario Pincherle,,,,,,,,,,
53121,1454288,it,79,0.9,Aeroporto di Pescara,https://it.wikipedia.org/wiki/Aeroporto di Pescara,,,,,,,,,,
86672,1565272,it,79,0.9,Federico Balzaretti,https://it.wikipedia.org/wiki/Federico Balzaretti,,,,,,,,,,
100807,1607611,it,79,0.9,Età del consenso,https://it.wikipedia.org/wiki/Età del consenso,,,,,,,,,,
169298,1834803,it,79,0.9,Flavio Briatore,https://it.wikipedia.org/wiki/Flavio Briatore,,,,,,,,,,
342868,3843,it,79,0.9,Scienza,https://it.wikipedia.org/wiki/Scienza,,,,,,,,,,
354419,31675,it,79,0.9,Tavola periodica degli elementi,https://it.wikipedia.org/wiki/Tavola periodica degli elementi,,,,,,,,,,
360725,43987,it,79,0.9,Luigi Pirandello,https://it.wikipedia.org/wiki/Luigi Pirandello,,,,,,,,,,
364479,54299,it,79,0.9,DNA,https://it.wikipedia.org/wiki/DNA,,,,,,,,,,
365953,58236,it,79,0.9,Agnelli (famiglia),https://it.wikipedia.org/wiki/Agnelli (famiglia),,,,,,,,,,
481087,279881,it,79,0.9,Giuseppe Mazzini,https://it.wikipedia.org/wiki/Giuseppe Mazzini,,,,,,,,,,
486700,299155,it,79,0.9,Pier Luigi Bersani,https://it.wikipedia.org/wiki/Pier Luigi Bersani,,,,,,,,,,
587368,2774456,it,79,0.9,Targa UEFA,https://it.wikipedia.org/wiki/Targa UEFA,,,,,,,,,,
1042808,4557734,it,79,0.9,Meilogu,https://it.wikipedia.org/wiki/Meilogu,,,,,,,,,,
1316504,529475,it,79,0.9,Scrubs - Medici ai primi ferri,https://it.wikipedia.org/wiki/Scrubs - Medici ai primi ferri,,,,,,,,,,
1317417,532478,it,79,0.9,Papa Pio XI,https://it.wikipedia.org/wiki/Papa Pio XI,,,,,,,,,,
1321258,542907,it,79,0.9,Palmi,https://it.wikipedia.org/wiki/Palmi,,,,,,,,,,
1321478,543636,it,79,0.9,Glaciazione,https://it.wikipedia.org/wiki/Glaciazione,,,,,,,,,,
1436877,900252,it,79,0.9,Lecce nei Marsi,https://it.wikipedia.org/wiki/Lecce nei Marsi,,,,,,,,,,
1437641,903088,it,79,0.9,Azzurrina,https://it.wikipedia.org/wiki/Azzurrina,,,,,,,,,,
1444963,938904,it,79,0.9,Minato Namikaze,https://it.wikipedia.org/wiki/Minato Namikaze,,,,,,,,,,
1446498,959777,it,79,0.9,Limp Bizkit,https://it.wikipedia.org/wiki/Limp Bizkit,,,,,,,,,,
1452544,998649,it,79,0.9,Piceni,https://it.wikipedia.org/wiki/Piceni,,,,,,,,,,
1455982,1020130,it,79,0.9,Zazen,https://it.wikipedia.org/wiki/Zazen,,,,,,,,,,
1457968,1037623,it,79,0.9,Pubblico dominio,https://it.wikipedia.org/wiki/Pubblico dominio,,,,,,,,,,
1458173,1040456,it,79,0.9,Umberto Veronesi,https://it.wikipedia.org/wiki/Umberto Veronesi,,,,,,,,,,
1522941,1263728,it,79,0.9,Guerra del Pacifico (1941-1945),https://it.wikipedia.org/wiki/Guerra del Pacifico (1941-1945),,,,,,,,,,
1415162,828544,it,80,0.9,Ultras,https://it.wikipedia.org/wiki/Ultras,,,,,,,,,,
366070,58519,it,80,0.9,Bruce Lee,https://it.wikipedia.org/wiki/Bruce Lee,,,,,,,,,,
388757,116809,it,80,0.9,Massafra,https://it.wikipedia.org/wiki/Massafra,,,,,,,,,,
1339207,599622,it,80,0.9,Carlo Giovanardi,https://it.wikipedia.org/wiki/Carlo Giovanardi,,,,,,,,,,
225750,2030101,it,80,0.9,Dacia Valent,https://it.wikipedia.org/wiki/Dacia Valent,,,,,,,,,,
475732,262912,it,80,0.9,Guerra d'Iraq,https://it.wikipedia.org/wiki/Guerra d'Iraq,,,,,,,,,,
1314565,523482,it,80,0.9,Massimo Morsello,https://it.wikipedia.org/wiki/Massimo Morsello,,,,,,,,,,
603583,2840810,it,80,0.9,Cappella Sansevero,https://it.wikipedia.org/wiki/Cappella Sansevero,,,,,,,,,,
1451712,995565,it,80,0.9,Antonio Conte,https://it.wikipedia.org/wiki/Antonio Conte,,,,,,,,,,
461624,228041,it,80,0.9,Buddhismo Theravada,https://it.wikipedia.org/wiki/Buddhismo Theravada,,,,,,,,,,
387486,113842,it,80,0.9,Cosa nostra,https://it.wikipedia.org/wiki/Cosa nostra,,,,,,,,,,
1389482,770471,it,80,0.9,Beyoncé Knowles,https://it.wikipedia.org/wiki/Beyoncé Knowles,,,,,,,,,,
1479796,1129157,it,80,0.9,Minutes to Midnight,https://it.wikipedia.org/wiki/Minutes to Midnight,,,,,,,,,,
244765,2099830,it,80,0.9,Carlo Emanuele Buscaglia,https://it.wikipedia.org/wiki/Carlo Emanuele Buscaglia,,,,,,,,,,
1380681,739364,it,80,0.9,Merda,https://it.wikipedia.org/wiki/Merda,,,,,,,,,,
1361243,677874,it,80,0.9,MOSE,https://it.wikipedia.org/wiki/MOSE,,,,,,,,,,
1448757,973562,it,80,0.9,Supercoppa italiana,https://it.wikipedia.org/wiki/Supercoppa italiana,,,,,,,,,,
148443,1765733,it,80,0.9,Van Hohenheim,https://it.wikipedia.org/wiki/Van Hohenheim,,,,,,,,,,
146542,1759010,it,80,0.9,Battaglia di Torino (312),https://it.wikipedia.org/wiki/Battaglia di Torino (312),,,,,,,,,,
1515116,1244110,it,80,0.9,Michela Vittoria Brambilla,https://it.wikipedia.org/wiki/Michela Vittoria Brambilla,,,,,,,,,,
1448696,972638,it,80,0.9,Ronaldinho,https://it.wikipedia.org/wiki/Ronaldinho,,,,,,,,,,